<?xml version="1.0" encoding="utf-8"?>
<!-- Copyright (C) 2009 The Android Open Source Project

     Licensed under the Apache License, Version 2.0 (the "License");
     you may not use this file except in compliance with the License.
     You may obtain a copy of the License at

          http://www.apache.org/licenses/LICENSE-2.0

     Unless required by applicable law or agreed to in writing, software
     distributed under the License is distributed on an "AS IS" BASIS,
     WITHOUT WARRANTIES OR CONDITIONS OF ANY KIND, either express or implied.
     See the License for the specific language governing permissions and
     limitations under the License.
-->

<!-- Version History
        version 1 - initial version.
        version 2 - added recipientLimit.
        version 3 - added min/max recycler values.
        version 4 - added sms to mms text threshold.
-->

<mms_config version="4">
    <!-- Flag indicating whether MMS should be enabled -->
    <bool name="enabledMMS">true</bool>

    <!-- Maximum message size in bytes for a MMS message -->
    <int name="maxMessageSize">307200</int>

    <!-- Maximum height for an attached image -->
    <int name="maxImageHeight">480</int>

    <!-- Maximum width for an attached image -->
    <int name="maxImageWidth">640</int>

    <!-- Maximum number of SMS message to save per thread before auto-delete kicks in.
         This is the default value. -->
    <int name="defaultSMSMessagesPerThread">500</int>

    <!-- Maximum number of MMS message to save per thread before auto-delete kicks in.
         This is the default value. -->
    <int name="defaultMMSMessagesPerThread">50</int>

    <!-- Minimum value for the number of messages kept per conversation. The user can never
         set the limit below this value. -->
    <int name="minMessageCountPerThread">10</int>

    <!-- Maximum value for the number of messages kept per conversation. The user can never
         set the limit above this value. -->
    <int name="maxMessageCountPerThread">5000</int>

    <!-- UAProf URL -->
    <string name="uaProfUrl">http://www.google.com/oha/rdf/ua-profile-kila.xml</string>

    <!-- Maximum number of recipients allowed per message. Use a value of -1
         to indicate no limit. -->
    <int name="recipientLimit">-1</int>

    <!-- Maximum number of SMS message segments in a long text message before converting
         the SMS message to an MMS message. -->
    <int name="smsToMmsTextThreshold">4</int>

    <!-- DTS2011121606329 wangtao 20111223 related to DTS2010110302471 -->
    <!-- The wap push is supported if 1, not supported if 0 or not defined -->
    <int name="WAPPushSupported">1</int>
    <!-- DTS2011121606329 wangtao 20111223 end -->

    <!-- If true, The text message over 160 characters will be sent in multi part.
         If false, The text message over 160 characters will be sent
         via multi media message. -->
    <bool name="enableMultipartSMS">true</bool>

    <!-- If true, The mms support slide duration.
         If false, The mms does not support slide duration and we have to
         set duration value. -->
    <bool name="enableSlideDuration">true</bool>

    <!-- Maximum length for message text. Use a value of -1
         to indicate default value -->
    <int name="maxMessageTextSize">-1</int>

    <!-- User-Agent parameter used in MMS http request -->
    <!-- this is default to "Android-Mms/0.1". Override if necessary. Optional -->
    <!--
    <string name="userAgent">Android-Mms/0.1</string>
    -->

    <!-- UAProf parameter tag name -->
    <!-- this is default to "x-wap-profile". Override if necessary. Optional -->
    <!--
    <string name="uaProfTagName">x-wap-profile</string>
    -->

    <!-- Reference for additional http parameters used in MMS http request.
         Parameters are seperated by '|'. Optional.
    -->
    <!--
    <string name="httpParams">
        x-up-calling-line-id: ##LINE1##|x-carrier-magic: http://magic.google.com
    </string>
    -->

    <!-- Reference for the substitution key to be used when adding the users telephone number
         (Line1) to the httpPrams at runtime. Optional.
    -->
    <!--
    <string name="httpParamsLine1Key">##LINE1##</string>
    -->
    <!-- DTS2012032006692 lianmin 20120321 begin-->
    <bool name="isRenameAttachmentName">true</bool>
    <!-- DTS2012032006692 lianmin 20120321 end-->

    <!-- DTS2012032102404 lianmin 20120321 begin-->
    <bool name="classZeroSmsNotification">true</bool>
    <!-- DTS2012032102404 lianmin 20120321 end-->
</mms_config>
